atom_index,1_cspec,1_ctype,2_cspec,2_ctype
2,102.5,CH2,103.1,CH2
,,,,
3a,153.9,C,153.4,C
4,105.4,CH,106.4,CH
4a,118.6,C,119.2,C
5,163.4,C,163.3,C
7a,152.3,C,152,C
8,39,CH,38.7,CH
8a,121,C,111.9,C
9,150.5,C,157.7,C
10,113.2,CH,99.8,CH
11,113.1,CH,161.4,C
12,151.5,C,104.5,CH
12a,118,C,128.9,C
12b,111.7,C,114.9,C
12c,150.6,C,149.8,C
12d,119.7,C,118.2,C
1′,34.7,CH2,34.3,CH2
,,,,
2′,170.4,C,170.6,C
NH,,,,
,,,,
OMe-9,56.6,CH3,56.2,CH3
OMe-11,,,55.6,CH3
OMe-12,56.3,CH3,,
