atom_index,1_hspec,1_multi,1_coupling,2_hspec,2_multi,2_coupling
1,6.21,d,0.9,6.3,d,0.9
2,6.35,d,0.9,6.42,d,0.9
3,,,,,,
4,7.59,s,,7.65,s,
5,,,,,,
6,,,,,,
7,,,,,,
8,5.48,s,,5.47,s,
9,,,,,,
9,,,,,,
10,7.03,d,9.2,6.59,d,2.3
11,7.02,d,9.2,,,
12,,,,7.54,d,2.3
12a,,,,,,
12b,,,,,,
12c,,,,,,
12d,,,,,,
1′,3.09,d,16.9,3.08,d,16.9
,3.48,d,16.9,3.59,d,16.9
2′,,,,,,
NH,5.69,br s,,5.55,br s,
,6.96,br s,,6.95,br s,
OMe-9,3.95,s,,3.97,s,
OMe-11,,,,3.89,s,
OMe-12,3.89,s,,,,
